10375,1030246
11108,906677
26355,291983
27370,265523
36851e,249710
33898,235428
30887,233382
19550,222366
23496,222087
38725,219057
25276,203764
10759,202733
35509,194337
38989,186280
23437,180524
34441,178945
19474,175429
8678,173164
2815,173028
2580,171673
7130,165478
20556,160952
20662,159692
32353,159681
4644,158472
16233,156909
14401,154167
2256,153365
39475,152432
22487,149969
2028,149099
34225,144175
10033,141680
8712,141383
26222,140435
33473,139640
28362,136837
18045,133270
30658,131223
16357,130454
7194,125126
24147,124175
28129,123518
5447,121972
14445e,118263
11396,113696
3214,113627
18724e,112577
35757,110924
2296e,110495
34351e,109891
3025e,108923
27596,102986
14889,100722
35132,99536
21304,97445
13363e,97179
8108,97025
31031,95624
28415,94550
26616e,92725
14502,92688
11326e,92487
37137e,90254
12203,89850
6442,89339
29108e,88772
9232,88192
21470,85264
14909,84185
4704e,83277
15523e,83249
32600,82551
29835,78279
17733,76931
8383,76226
37307,75776
15419e,75257
37875,73572
22812,73344
38754,72759
8726,72520
34645,71924
15834,71511
36397,71488
15487,71180
20435,70901
17396,70381
5167,70333
18753,70327
20936,70242
26343e,69993
33406,69435
11513,69297
32774,68667
2412,68496
6210,68317
32930e,67788
9722e,66667
18376,66620
39620,65767
28814,64898
3156e,64275
10444e,63830
9955,63225
14867,61810
29981,61746
25155,61024
7769,60601
11776,60291
27930,60235
26996,60191
3173,59262
13036,58779
4029e,58355
6907,58354
6461e,58295
33372,57593
25668,57373
2373,57363
32792,56451
30819,56364
17682,54339
18337,54213
35743,54197
16788,54194
1814e,54125
35792e,53714
2517,53478
36247e,53443
9744,53393
33446,53116
4547e,52447
23087,52392
33230e,52348
21846e,52091
38278,51985
29055e,51331
2614,51238
12883,51070
9345,51046
20306,50841
39155,50686
13069,50591
30989,50423
4003,50257
9888,50164
33042,49825
5217e,49412
12121,49392
38111e,49381
38368e,49376
22564,48244
22134e,48002
34259,47949
6259e,47749
3799,47315
16941,47166
31672,46973
21710,46623
36676,46491
26806,46263
32212,46056
6977,46037
3625,46029
20850,46016
6018e,46000
13058,45937
27261e,45928
28236e,45896
16193,45853
31269e,45460
12523,45103
37483,44907
13859,44833
24224,44591
30984,44444
34817,44240
6723,43829
39122,43793
4286e,43734
15577,43715
25729,43302
13463,43298
16310,43061
10604,42748
7936,42674
7773,42649
35562,42643
36889,42498
12363,42170
24272e,42063
30797e,41874
24385e,41843
6228,41715
17142,41569
34748e,41315
1466,41144
32637,41124
12399,40982
36115,40842
11696,40667
35119,40576
4692,40240
24310e,40129
32744,40125
17577,40061
9297,39992
26121,39969
30047e,39728
33168,39516
4180,39466
13678e,39445
4111,39397
31846,39336
26645e,39306
16324,39199
25895,39023
28159,38907
31680,38850
34037,38746
18748,38682
21677e,38484
38102e,38144
18424e,38132
4254e,38112
25785,38099
35149,38067
18194e,38016
8476e,37832
19371,37817
10897e,37721
35253,37676
13799e,37593
16191,37553
12022,37381
9008e,37329
33626e,37274
14617,37224
36331,37103
11849,37090
14969,37039
7215,36791
26248,36719
24821,36704
17213,36661
35754,36658
32421,36591
27306,36558
27909,36527
15906,36361
31681,36281
2451e,36227
27063e,36179
34805,36158
14696,35993
21393e,35963
25712,35950
14788e,35918
38067,35912
11046,35882
17071,35814
1747,35790
9116,35744
5584,35743
7347,35740
17746e,35725
20877,35718
16177,35628
26365,35628
9654,35462
27337,35445
26706,35194
39235,35012
11979,34999
36124,34989
32251e,34913
37830,34778
28880,34773
28448,34693
39851,34631
17910,34603
11663,34566
31000,34558
5197,34394
2092,34255
34185,34222
4583,33688
30411,33578
22898,33506
25285,33500
21070,33063
17631,33053
1728e,33050
28572,32748
31017,32726
11863,32695
26196,32632
8464e,32630
2863,32562
17443,32528
27844,32502
27419,32456
10851,32370
7654,32308
14235,32278
30915,32185
27032,32181
31452,32145
28894,32130
21271,32031
1053,31917
12666,31863
9351,31832
35819,31766
10596,31593
6778,31592
10777e,31551
9920,31538
6334,31317
14053e,31262
14015,31227
39610,31225
11423,31162
24432,31089
9855e,31014
2552,30969
26247e,30962
14687,30900
38951e,30817
22244,30747
12663e,30722
6051,30675
39516,30629
16074e,30617
20042,30484
35333,30451
17332,30449
10418,30421
11048,30413
32972,30339
3004,30307
16124,30260
36066,30230
12023,30148
5300e,30135
26577,30131
28270,30117
31310,29937
4372e,29931
37035,29916
17952,29843
18867,29698
13183,29534
1094,29416
23441,29395
25381,29374
3455,29290
15204,29282
4918,29276
22251,29202
31396,29176
22763,29168
3666e,29163
13862,29132
36589,29034
11321,29017
22374,28992
14706e,28968
30574,28937
22584,28921
37398,28909
10682e,28908
8688,28901
29126e,28893
2706,28879
24586,28845
6599,28836
20871,28834
27744,28833
34538,28785
6507,28772
11943,28771
32274,28666
16477,28540
27178e,28483
15517,28407
27777,28391
8880e,28355
34407e,28348
38345e,28273
13697e,28212
22938,28208
13336,28144
12905,28120
3274,27919
14601,27832
29914e,27784
3224,27771
26098,27754
25095e,27748
27406,27726
11985,27709
15413e,27676
29145,27676
7097,27623
18627e,27621
18484,27610
27488e,27602
21618,27593
37037,27562
4934,27532
13275,27500
8813,27377
19040,27338
10143e,27336
10852,27292
29254e,27237
14029,27231
18850e,27228
26266,27227
25922,27225
4117e,27105
39886e,27081
6160,27033
15322,27010
10515,26976
30473,26933
3913,26889
9692,26883
36709,26784
30251,26740
17500,26691
34721,26668
10965,26649
25732e,26611
28379,26573
32517,26566
2821e,26357
9983,26346
30083,26330
39050,26322
2926e,26293
38215,26274
14229e,26223
25841,26195
27475,26144
4473,26142
34841,26132
1260e,26097
7743,26088
10992,26023
15218,26007
4385,25977
33172,25963
20059e,25835
15519,25782
29473e,25737
5794e,25696
15337,25597
34736e,25577
19172,25444
25127,25428
6158,25327
29080e,25055
36792,24992
11798,24924
20792,24858
33936,24616
9973,24578
27834,24572
3782e,24551
38420,24475
33090,24460
12120e,24319
13876,24247
10286,24225
28828,24115
35320e,24035
25221e,24034
13225,23998
8298e,23996
8276,23942
22634,23795
38364e,23778
7728,23619
14783,23520
36655e,23510
18903,23474
39018e,23472
32960,23458
35029,23372
37028,23323
16537,23301
33843,23276
37537,23049
28483e,22989
34229e,22976
5461,22952
3342,22936
38579,22933
13153,22891
10751e,22883
4530e,22823
7580,22817
15869e,22793
27446,22746
33674,22736
5232,22718
25986,22574
4329e,22465
14505e,22442
38686,22346
35985,22339
3710e,22276
2304e,22247
38456e,22239
2065e,22202
33865e,22173
25056,22153
32126e,22153
14797e,22083
16157e,22075
14179,22062
25215,22058
13301,22026
7701e,22023
6806,21998
18741,21973
24907,21883
2798,21846
14262e,21790
17923,21776
13701e,21679
39365,21677
14974,21577
4004,21560
8145,21546
17202,21538
13003e,21517
9675e,21516
37014e,21449
8097,21380
7489,21344
6767,21255
16538,21254
11650e,21231
26239,21146
36508,21024
8349e,20999
36050e,20926
3953e,20888
35448e,20879
26212,20854
16312,20809
30973,20792
37165e,20765
29300e,20763
23521e,20762
39740e,20761
28819e,20755
31373e,20693
15596e,20655
20368e,20637
17692,20565
34219,20510
1994,20505
4227,20471
16045,20458
22794e,20377
12560e,20342
12222,20324
3593e,20281
37127e,20214
29149,20180
19293,20112
6388,20109
25803,20070
34745,20056
7656e,20022
24397,19978
15508,19929
11688,19887
4996,19831
14708,19700
30486e,19649
25350,19638
32065,19606
38257e,19583
10778,19583
21939e,19562
5982e,19216
35729,19200
24553e,19196
12864,19169
2528,19159
27514e,19072
16456e,19070
2403e,19047
7912e,18955
23552e,18951
26237,18929
1458,18914
26011e,18875
10705e,18854
11758,18801
16316,18774
9234,18771
30350e,18731
22967,18689
14390e,18604
11300e,18568
4418,18543
9779e,18530
22482e,18526
14085,18517
34806,18462
20802e,18314
1223e,18240
34628e,18231
34158,18196
6473,18156
26063e,18154
31513,18099
4168,18086
20342e,18053
19179e,18026
5387,17979
15586,17743
8562,17723
12741,17715
34559,17691
19714e,17684
35645,17671
12276,17624
32027e,17586
33970e,17573
35624,17555
20240e,17474
8146e,17443
3739e,17416
16065,17342
19699e,17341
4240e,17285
39816,17217
5910,17195
18667,17175
7014,17175
32485,17082
22256,17064
20681e,16992
26715,16987
15492,16966
32738,16943
17283,16933
2513,16932
2481,16900
22178,16841
37144e,16840
24316,16823
31534,16821
13314,16754
24059e,16723
8067e,16716
29787e,16658
26915e,16563
39132,16491
6415e,16465
25913,16454
18728,16430
33198,16387
27873,16383
35968e,16377
13171,16354
17324e,16276
25709,16234
17074,16227
14994e,16209
20803,16186
11086,16111
15376e,16071
8202e,15965
16387,15930
27230,15908
13338,15850
20094e,15846
14444,15770
6896,15734
35195,15708
25689e,15686
35374e,15667
29339,15664
9668e,15640
10993e,15594
6762e,15524
6001,15512
27154,15497
5856e,15468
26880e,15453
2702e,15437
15970,15435
31937e,15426
9644,15379
21663,15356
24143,15332
35266,15292
33027e,15254
27004e,15242
20188e,15198
21396,15178
32150,15166
32034e,15106
29131e,15103
25139e,15069
24032e,15052
28625,14981
14171,14968
4802,14910
4677,14906
34414,14884
6950e,14868
37368,14855
27205,14846
30684,14841
38280e,14769
4758,14756
36633e,14747
6711,14742
2441e,14716
15685e,14716
26325e,14710
18993,14688
20731,14673
6419e,14597
13690,14594
26084,14560
30826e,14554
24766,14536
31272e,14479
15221e,14466
4423,14428
11877e,14406
2813e,14373
6324,14348
23863e,14325
15725,14305
28726e,14289
26897,14288
4749,14281
12599,14264
23818,14246
5980,14183
32547,14066
31117e,14047
24789e,13994
39129,13992
39562,13976
23197e,13971
37691e,13964
14388,13954
10665e,13943
38771e,13940
27499e,13901
39902e,13880
25450,13858
12109e,13844
24614,13817
4479e,13750
9363e,13740
39677,13738
25161,13726
9048,13718
16203e,13704
4779e,13694
13543e,13629
28751e,13619
35620e,13616
6891,13593
17103e,13567
30451,13517
33840,13502
13882e,13467
3063,13444
18688e,13391
5116e,13364
20596e,13334
36667e,13305
35168e,13276
24018e,13272
12151,13267
5828e,13252
37717,13238
19528e,13227
6044,13198
5874e,13175
9415,13167
18607e,13158
36888,13109
15630,13073
39748,13054
37167,13052
17916e,13040
22571,13005
11213,13003
21960e,13001
34201e,12986
20403e,12958
5952e,12945
8532e,12938
15474,12906
17272e,12879
2820e,12875
4529,12868
16682,12822
29270e,12822
25132e,12811
10988e,12799
17265e,12797
7169,12770
24360e,12753
25482,12745
26102,12703
4877e,12682
4463e,12617
5580e,12614
8686e,12607
7191e,12598
19214e,12597
28926,12596
11727,12593
32800,12593
34859e,12576
26204e,12567
30975e,12534
14624,12470
36270,12468
30625,12444
22870e,12440
32803e,12430
20398,12428
29331e,12417
37945,12391
7877,12388
29888,12376
24648e,12355
19743e,12352
32396e,12347
27762e,12346
4427e,12340
38719,12336
38467,12219
27316e,12179
17224e,12173
18105,12124
34453,12105
32929,12101
29346,12097
21460,12042
15616e,12035
14360,11993
33455e,11989
32146e,11984
17506e,11972
25454e,11940
23418,11922
20706e,11920
17636e,11907
23534e,11900
31669,11879
36727,11857
22400e,11842
31630,11824
13949,11813
19331,11791
15677e,11785
9002e,11783
29216,11782
20260e,11777
5866e,11772
3959e,11764
2002,11763
22343,11755
11444e,11755
6815,11737
23993e,11721
21263e,11712
7368,11695
33285,11686
19318e,11667
18708,11641
16697,11613
8806,11611
34048,11586
10570,11530
16263,11529
32109,11493
30994e,11490
27152e,11485
23134e,11475
37074e,11464
33755,11463
1738e,11451
34472e,11444
13664e,11440
15837e,11440
34481,11432
33229e,11430
17843e,11411
7379e,11410
37215,11409
19814e,11408
38168,11408
1014,11400
26815e,11396
5412e,11379
39660,11377
39940e,11367
17004e,11355
38174,11352
14187e,11351
29892e,11324
12239e,11318
5701e,11316
31198e,11304
5883e,11283
20490,11257
1827,11255
28653,11249
1342,11235
38270,11222
10379,11204
29782e,11174
28099e,11169
37629e,11149
11930e,11144
23012e,11124
7660,11124
13192,11121
2930,11120
3727,11097
10611,11070
4202e,11065
4656e,11038
12756e,11031
28323e,11006
4744e,11005
24288,10973
9065,10955
3846,10938
28217e,10926
5987e,10914
16562e,10910
35727,10891
34336,10888
31077e,10882
11408e,10840
15371,10832
16841,10829
9038e,10829
8411e,10817
22915,10814
18330e,10803
21950e,10795
28104e,10794
22832e,10785
15086e,10770
19927e,10767
16094,10764
30500e,10722
6551e,10720
2816,10715
32037,10680
18444,10679
37013e,10669
16693,10667
13584,10650
23249e,10633
17832e,10625
20724e,10623
39972,10620
33987,10618
31116,10613
14303e,10610
25318e,10605
13335,10605
27917,10603
12300,10602
12894e,10596
5815e,10569
38821e,10567
3966e,10566
14134,10555
13122,10540
18713,10530
17161e,10529
34759,10514
20870e,10488
10048e,10465
2187e,10454
19868,10450
9789,10448
27704,10447
32951e,10446
23154,10422
34815,10409
9170e,10403
20507,10391
11193e,10381
37614e,10373
13981,10352
15034e,10344
9224,10334
13995e,10323
30388e,10301
34666,10292
5959,10291
35382e,10278
28897,10271
18823e,10260
11872,10226
10628,10221
19102e,10220
17542,10206
8565,10204
3753,10202
5248,10199
18240,10181
11908e,10163
24121e,10161
29609,10161
24627e,10146
39567e,10141
37660,10122
21801,10087
34131e,10075
31685e,10075
36104e,10072
35570e,10068
2925,10047
18854e,10040
23546,10036
20924e,10021
4104e,10020
18962,10005
9430e,10004
23990e,9997
5806,9992
38526e,9969
17784e,9968
6945,9965
35399,9955
39495e,9949
3269,9942
1817,9920
3637,9914
23931e,9879
21368,9842
39457,9839
36085e,9836
9466e,9831
11275,9829
10152e,9824
21063e,9795
18579,9783
37072e,9780
33072,9769
15902e,9754
19867e,9752
35740,9745
38333,9734
7040,9730
19685e,9725
13482,9718
28895,9701
35459,9700
22020e,9685
1818e,9674
31397e,9670
5379,9669
7407,9663
15609e,9662
34123e,9656
8809,9654
14880e,9650
12781,9645
14072e,9627
30903e,9623
30011,9619
19722e,9591
5131e,9589
9279e,9576
25224,9566
29536e,9539
12079e,9531
23807e,9519
30703,9516
37101e,9516
23036e,9485
31915,9459
27095,9442
26857e,9438
9442e,9430
6529,9423
2792,9420
20822,9418
37089,9411
23283,9403
11673e,9389
5118e,9383
17250e,9373
21889e,9373
8077,9358
4573,9354
34500,9342
3190e,9340
32610e,9338
33930e,9328
5611e,9328
5288e,9324
30584,9313
32487,9311
29725,9310
35012e,9310
11353,9306
17312,9301
3749,9298
2830e,9295
1978,9264
18658,9248
18706e,9241
13168e,9227
1214,9217
9379,9212
12375e,9205
37922e,9202
1360e,9200
10757e,9191
21714e,9184
28031e,9165
31029e,9155
3633e,9141
24884e,9124
13147,9109
2862e,9108
38088,9106
28358e,9098
9425,9088
28248e,9088
10022e,9038
21482e,9038
10758e,9022
38398e,9018
20220e,9013
16033,9008
17455e,8999
6828e,8991
17326e,8989
9639,8987
26342,8965
22050,8925
15590e,8917
13230e,8915
6198,8912
28015,8912
20464e,8911
39247e,8911
26009,8906
12394,8897
25865,8887
17342,8884
29930,8879
25664e,8859
2326,8859
38586,8837
25278,8833
4703,8832
34672e,8822
20746e,8801
12705,8797
4707e,8796
18283,8788
11314e,8784
31275,8731
14528,8729
35739e,8725
9662e,8721
11854e,8718
3111e,8709
5782,8708
13759e,8693
18496e,8666
3378e,8595
27287,8587
34094,8581
16979e,8570
24556,8562
21067e,8555
16276,8549
39759,8544
25705e,8543
13238e,8525
34029,8524
36974,8496
28863,8487
32218,8473
6561,8467
29520,8463
5888,8459
2606,8455
35332e,8455
2999,8444
15060e,8427
33706,8409
38500,8393
23680,8390
29467e,8390
7096,8370
23569e,8363
3702e,8354
35911e,8301
20607,8291
11588e,8284
39278e,8283
9796e,8271
3561,8259
15385,8248
9005e,8238
11747e,8229
36138e,8228
34423,8211
24459e,8208
38517e,8204
33687,8201
5539e,8183
39701e,8168
7401e,8163
33948e,8158
14751e,8147
7088e,8146
27371,8144
37188e,8134
24396,8132
24187e,8128
28013,8121
36199,8093
20125e,8091
25451,8085
21081,8083
13791,8082
23320e,8077
3249,8062
32169,8055
19632e,8051
18273,8049
29775,8048
27938e,8027
38027,8019
37274,8008
20623,8006
24193e,7990
17966,7976
24445,7972
11229e,7962
27615,7961
35609,7955
39134,7924
24698,7919
38393e,7918
20571e,7912
24587,7906
9589e,7903
26691e,7887
1414,7887
9469,7886
39655,7884
7118e,7884
37841,7875
31972,7860
26328,7856
38435e,7855
10722,7849
25761,7846
10097e,7843
27191,7839
2178e,7808
1543e,7808
26998,7789
27361,7785
2049,7782
36475,7780
22729,7777
12816,7775
12040,7774
28295,7760
1656,7753
35632,7752
20902e,7751
6691,7751
24865,7750
25192e,7749
3445e,7746
33256e,7746
10189,7746
10229,7746
4010,7710
13769e,7709
34635,7696
20355e,7676
1565,7674
38057e,7673
36024e,7672
9146e,7671
10391,7669
11730,7669
18238,7657
6281,7654
14213e,7650
30469,7648
2671,7610
34056e,7607
4851,7605
24003,7601
8483e,7591
18926,7585
33259e,7582
4143,7571
8752,7563
12163,7562
32939,7555
21659,7552
37881,7549
16997e,7548
23656e,7547
37098,7541
10627e,7539
14870e,7538
4782,7537
27017e,7525
32579e,7520
18354,7519
16206,7499
24631,7498
22127,7498
23435e,7496
33208e,7494
24172e,7492
3046e,7491
16379e,7489
29733,7489
21357,7477
32806,7476
39650,7472
11748,7466
11035,7460
11363,7456
15194e,7440
8302,7439
7579,7438
13494,7392
25216,7389
35978e,7388
18588,7383
25631,7381
21365e,7379
32263,7372
26120,7372
14872,7364
3699e,7345
17821e,7342
19045,7335
19744e,7334
6818,7329
4609,7299
31567e,7295
5994,7288
9687,7287
16721e,7287
38268e,7281
21603e,7272
20381e,7265
6776,7258
9358e,7246
13602,7243
32476,7241
9151e,7239
3374e,7231
37034e,7222
31110,7220
20577,7211
4383e,7207
3806e,7205
2819,7205
12477e,7203
37254,7186
12328e,7182
21800,7181
1797,7181
21462,7171
25121,7158
14773,7142
8329e,7141
17481,7138
37929,7131
30249,7130
1438,7123
18108,7115
39899,7111
11255,7102
23038,7096
19194,7090
8826e,7085
14459,7079
35780,7078
4219,7076
35138e,7073
16361,7070
17802e,7062
31187,7062
3990,7058
14611,7048
31941,7047
9486,7046
18406e,7037
14487e,7030
29362,7018
7572,7014
1522e,7007
14116e,6998
39030e,6986
19887,6979
22062,6979
37224,6978
10911,6977
38323,6976
23159e,6972
6714e,6971
3365e,6956
6642e,6950
17884,6936
18807,6921
13345,6917
35146,6916
30818e,6912
16704,6900
4605,6900
23284,6893
3469e,6892
11034,6877
28076e,6876
6882,6869
23968,6858
31697,6849
35365e,6848
2106,6848
8459e,6845
20787,6833
8941,6822
1884,6818
16774e,6806
23285e,6801
5079,6800
34294e,6788
11822e,6788
28490,6784
38448e,6774
21543e,6768
2859e,6766
19465e,6756
30320,6755
16766,6744
8588,6744
12408,6736
15623e,6713
14114e,6707
28849e,6704
13676e,6703
13455,6697
34531e,6677
19878e,6663
14588,6656
35122,6652
6874e,6649
28041e,6646
22499e,6634
17296,6634
16566,6633
36779e,6625
15624e,6609
38596,6592
12561e,6588
21268e,6587
29079e,6586
15245e,6582
24300,6557
9432e,6552
26690e,6550
11149,6549
15263,6548
13687,6538
38920,6536
3267e,6530
9980e,6528
15291,6520
15210,6513
33814e,6513
6434,6513
16995e,6512
8517,6510
25640,6503
19197,6497
17358e,6492
6990,6487
24623e,6475
36232,6471
28737,6464
17782,6464
16229,6461
6031,6460
7931,6459
1770,6457
10560,6452
14830,6448
5099,6448
30698e,6445
37842,6443
35498e,6443
30259,6426
10580e,6425
15389e,6421
34032,6420
30498,6419
25781e,6407
35346e,6407
10647e,6405
11945,6390
17299,6388
3122,6385
2566e,6384
19557,6382
33586e,6381
31600e,6375
26839,6370
28889e,6369
19376,6368
34621,6365
18762e,6364
25475e,6354
10135,6353
17378,6350
24726e,6339
22011e,6338
16687,6337
31983e,6331
11689e,6326
34050e,6326
17286,6325
14397e,6324
5627e,6315
1263e,6314
33830,6313
20499e,6304
8284e,6300
13993,6298
39164,6294
11629,6294
37237e,6289
31311,6287
12490e,6283
24159,6281
21232e,6279
39901,6278
15048,6278
13774,6274
1106,6272
19272,6261
6496,6260
34833,6256
14026,6256
33828e,6243
33017e,6238
35164e,6233
2445e,6218
24094e,6216
12650e,6216
14483e,6214
12435,6208
23755,6207
23096,6204
5572e,6203
2252,6203
38059,6197
8306,6197
18461e,6188
18088,6179
22006e,6177
2881,6172
19571e,6169
20246,6168
30465e,6163
28964,6162
1461e,6160
4158e,6158
32702e,6154
30418e,6149
2009,6149
24744e,6142
5034e,6135
36412,6132
3140e,6126
20274e,6110
2327e,6109
9735,6105
15301,6105
33695,6102
27314e,6101
10837,6100
5336e,6099
12659e,6095
12942,6093
27591e,6086
11434,6081
23068e,6080
8364e,6078
34255,6067
27800e,6066
17167e,6041
11681,6039
9785e,6038
16187e,6037
16633e,6036
25596e,6035
18392e,6034
18851e,6031
35313,6027
8854e,6026
28263,6025
25340e,6021
26630e,6009
28594,6006
28797e,5998
17444e,5996
38697e,5984
5262e,5983
19106e,5974
33870e,5959
27416e,5954
4853e,5952
35257,5948
7546e,5936
13161,5933
22887,5914
26644,5912
38735,5907
23365,5897
25701,5894
30158e,5890
12681,5889
11336,5888
33176e,5885
15372e,5878
29268,5873
16299,5871
10834e,5868
26411,5867
11676,5857
36748e,5850
10966,5844
29371,5834
2955,5834
27243,5833
8040,5828
2485e,5827
34450,5827
30867,5815
8753,5814
11657e,5810
25567e,5806
22957e,5804
3748,5793
22183e,5792
16745,5783
12658e,5776
37512e,5762
7824,5759
13650,5755
23323e,5743
23333e,5728
32643,5720
21737e,5720
2814,5719
27237e,5718
29883,5716
36598,5715
3298e,5711
9875,5709
18878,5707
14749,5704
34411e,5702
27295,5691
22456e,5688
11960e,5682
28938,5668
11636,5663
6396,5655
35481,5652
4602,5643
20216e,5638
27351e,5631
25040,5627
38403e,5617
12472,5609
23891,5604
31079,5601
29017,5601
6147,5594
26943e,5593
14935e,5591
3296e,5582
5360,5581
13025,5575
25763,5574
15054,5574
1956e,5568
4563e,5568
23227e,5559
25591e,5546
22001,5544
38485,5540
26392,5535
1345,5529
23742,5528
35398,5528
22407,5528
10081e,5527
34199,5526
30933,5525
14724,5523
4970,5522
12333e,5519
31181e,5519
34322,5519
10231e,5516
24751,5516
38212e,5515
4678,5510
18963e,5500
31342e,5496
37021,5496
27965,5492
32472e,5492
11574,5487
37605,5483
13973e,5472
7481,5467
28180,5463
9908e,5461
13956,5456
3967e,5456
31034,5450
12007e,5438
33863e,5434
34528,5429
29309,5424
9419,5416
1171e,5414
10694,5411
36755,5404
32789,5402
3238e,5401
6547e,5398
39460e,5394
8492,5390
17554e,5384
9999,5381
2052,5377
35482e,5363
16202e,5362
32513,5358
18569,5358
21253,5357
39878,5356
15684,5355
10047,5349
8790e,5348
22741,5347
30393,5339
7308e,5339
32772e,5332
2166,5332
6663e,5329
19893,5323
8605e,5319
32351,5317
39578e,5316
24878e,5316
20320e,5313
27550e,5305
31683,5302
10636,5296
3319e,5296
19905,5291
12631,5288
4580,5288
38391,5273
38695e,5272
30775e,5272
5366e,5268
21479e,5263
33370e,5260
16725,5251
22082,5251
6556,5251
29388e,5250
32155e,5246
22756,5240
5182,5230
22996,5229
9152,5228
16326,5225
13089,5223
5149,5205
2174e,5199
31779e,5198
36239,5197
21143e,5191
4475e,5183
10568,5180
19971,5179
31514e,5177
5645,5175
22308,5171
13287,5167
14426,5166
32339e,5165
32057e,5163
5279e,5163
22296e,5163
7105,5162
3832e,5161
14992,5158
37970,5154
32560,5148
28357e,5144
23146e,5143
14674,5142
20635e,5132
11142,5129
30304e,5126
29304,5126
23085,5126
19495,5125
32369,5125
2538e,5123
16495e,5121
31845e,5119
1865e,5119
23739e,5113
12961e,5107
8235,5106
12884e,5103
32298,5103
35231,5102
12828,5101
25721e,5101
7017e,5100
7303e,5090
20354e,5078
10938e,5077
12999e,5073
8209,5072
5501,5071
3718e,5066
18529e,5060
3640e,5060
24646e,5058
21438,5054
27363,5050
39326e,5048
4753e,5048
27804e,5046
24460,5045
21981,5042
17863e,5040
24453e,5037
28275e,5036
20283e,5035
18276e,5032
3785,5028
20495,5015
20146,5006
37750e,5004
18022,5004
30357,5001
28045e,5000
10296e,4993
13350,4992
15070e,4992
39755,4992
13732,4987
39194,4987
35130e,4985
13666,4980
1561,4977
9965,4974
1730e,4974
31183,4971
6734e,4970
30774e,4969
6546,4964
35943e,4962
3389e,4961
18653,4956
17723,4955
33655,4955
19039,4951
7343e,4945
38164,4940
28649,4940
26928,4933
36147,4932
25466e,4926
31008,4924
16016e,4924
18883,4921
10477,4917
36186,4915
29996,4912
5251e,4912
30281,4908
22901e,4904
2310e,4903
25030,4902
32279e,4898
29313e,4897
6709e,4896
6612,4890
5793,4888
8362,4888
11131e,4887
35251e,4877
18137e,4875
7734,4872
26018e,4871
38506e,4870
25332,4866
37697,4863
31691e,4856
20817e,4856
8996,4849
38439,4843
24825,4842
13555,4841
10672e,4824
18185,4818
25022e,4816
1084e,4815
29389,4806
29459e,4804
12417e,4792
37996,4780
34576e,4775
23033,4771
35259e,4770
13175e,4769
10985,4764
19793,4764
10390e,4756
27278,4752
25503e,4748
39662e,4746
3074,4738
32568,4736
3937e,4733
19601e,4732
9087,4732
34649,4728
6598,4727
33601,4721
16836e,4715
20956,4710
9553,4709
21499,4706
30176,4706
19478,4704
34303,4702
20038e,4698
29198,4697
33338e,4690
1850e,4690
29924,4686
6469,4685
31164,4683
3382,4680
39354e,4679
11230e,4678
10543,4678
8730e,4677
33646e,4664
33257e,4663
18368,4661
27414,4658
9614,4645
2137e,4644
22208,4633
33725,4618
11931,4614
22859e,4613
31501,4612
10624,4612
36650,4608
35000,4607
27277e,4606
19285,4602
5978,4601
37200,4600
12319,4599
37219e,4598
1225,4594
31301,4593
11101,4592
36391,4591
30060,4588
37793e,4574
17182,4566
20647e,4563
18955,4561
35523,4557
34577e,4553
23808,4550
21567e,4542
39577e,4535
29514,4530
18942,4527
20164e,4523
22816e,4517
2319,4516
25520,4515
24054e,4515
24636e,4512
12790,4504
30837,4500
38437e,4494
37050,4494
11168,4494
24482e,4493
24044e,4490
11674,4488
34119,4487
7212,4485
33963,4476
1496,4471
19586,4471
22420,4468
30374,4468
18984,4467
15246,4466
26192,4460
37063e,4458
19847e,4453
5573,4452
30085,4432
11329,4431
9694,4429
25626,4423
15043,4421
5282e,4419
15407,4414
2225,4413
20843e,4399
10320,4395
8503,4394
9952e,4390
32122,4387
21669,4382
10710e,4379
26065,4369
5427e,4368
6706,4358
33964,4356
10312,4355
30833,4353
34812,4352
1829,4338
38306,4336
9987e,4331
28747,4324
24485,4323
34160e,4323
15027,4319
13409e,4315
4781,4314
21432,4311
36985,4311
32342,4311
14535,4302
12015e,4301
38928e,4298
26742e,4294
14676,4293
23767,4290
36340,4286
35126,4284
25554e,4282
11351,4278
32441,4277
25437,4276
16845,4275
32729e,4274
29406,4269
12480e,4263
26491,4262
39709,4262
17499e,4261
9139,4258
25792,4254
21715,4244
24613,4243
34838,4242
35438,4235
38193e,4229
2954,4228
34234e,4225
6108e,4222
11922e,4219
35396e,4211
7453,4211
32201,4210
11315,4209
28570,4203
33533e,4203
37885,4203
8437e,4202
2228,4202
39881e,4191
4846,4190
32661,4184
29104,4178
24720,4178
13134e,4175
13868,4168
13559,4165
28174e,4162
6282,4159
32857,4156
32433,4154
31870,4153
33717,4146
1247,4144
39847,4142
7283,4137
39942,4134
11684e,4133
15451,4131
29495,4131
30051e,4130
29157,4130
3487e,4128
38392,4127
8759e,4119
39015e,4117
9178e,4116
37212,4116
37243,4113
21243,4110
13015,4104
10298,4102
38119,4101
19895e,4084
16232,4081
7527,4076
7836,4074
35453,4073
28770,4062
1935,4058
14315,4055
21770e,4052
17060,4051
2331,4049
3134,4044
9471,4043
6120e,4037
14403,4032
8578,4032
22542,4029
33938,4024
12950,4015
10936e,4005
21833e,4004
19429,4003
31390,3999
32795e,3998
18544,3998
30427,3995
38963e,3995
21692e,3994
7430e,3983
37526e,3982
39337,3982
24306,3981
21791,3980
39547e,3980
35190,3979
26853e,3975
38218,3962
26650e,3962
19911e,3959
12547,3957
6759,3940
3820,3927
19073e,3926
37948,3922
31473,3921
25773e,3916
30344,3913
30112,3912
2386,3904
34479e,3903
20708,3901
17009,3900
1432,3891
28551,3889
1390,3887
16714,3887
33449,3886
21689,3884
38812e,3883
27621,3879
2856,3877
14001e,3876
26913,3875
31012,3873
11242,3872
22722,3870
26288,3870
5198,3868
9400e,3859
15493,3856
13591e,3852
15926,3852
32989,3851
36686e,3851
2981,3846
32562,3845
3725,3843
19667e,3841
15470,3838
2354,3836
22035e,3824
37091e,3822
20892e,3818
28605,3809
18159,3807
3673,3805
37004,3787
4911,3787
20642,3783
29741e,3781
35375,3778
10139,3778
4249,3776
14276e,3776
12014,3768
9750e,3759
13699,3759
8957,3759
8922,3756
35814,3754
9760,3751
20899e,3750
13853e,3750
2946,3747
23022,3744
22028e,3741
25967e,3740
3201,3736
24762,3732
35600e,3729
3706,3728
5740,3725
4091e,3721
32199,3721
11905,3721
22845e,3721
6817,3719
15880e,3719
31861,3706
3711,3706
20549,3701
13829e,3697
18130,3695
12795e,3695
20238e,3691
20233e,3684
26051,3684
16176,3679
37726e,3678
2967,3674
14385e,3673
39308,3668
23171,3664
35832,3664
15636,3663
36810e,3663
1977,3663
24213e,3662
10281,3659
32220,3659
19091,3657
37763e,3657
34889,3654
31890,3648
2639,3641
29312,3639
36947,3639
14489,3638
14838e,3638
34419,3637
37261,3635
27451e,3631
4697,3630
22079e,3628
38652,3625
9540,3623
33207,3621
30387,3619
19457,3618
14347,3613
22536,3609
20837e,3608
23543,3605
20308,3596
2204,3596
21578,3593
21392,3593
18021e,3590
13662,3587
19857,3586
4867,3582
33488,3582
18285,3580
22264,3580
18616,3578
20458,3577
29776e,3577
19329,3576
30420,3575
4698,3574
6651,3571
30238,3568
30643e,3567
29961,3566
27404e,3563
6057,3563
38416,3561
10446,3561
17138,3551
14828,3547
31497,3547
27190,3542
27401e,3540
19700,3537
20624,3537
16679,3528
22255,3526
1955,3524
15478e,3518
11751,3518
17462,3518
3772,3513
6629,3512
12259,3511
26242e,3510
5795,3505
19884e,3501
38147e,3500
4203,3500
29524,3496
11848,3491
31832e,3487
32145,3486
24052,3475
11630e,3474
26905,3472
38737,3468
34900,3464
25738e,3463
33458,3463
4839,3455
4766,3455
21346e,3454
34517,3450
4472,3450
35675,3450
30373,3447
34733e,3443
28487,3442
12458,3437
35372,3437
15296,3434
10288e,3432
15304,3430
20674e,3422
27791,3422
9021,3419
17136,3418
4680,3413
18567,3413
9972,3409
24796,3407
1989,3407
29583,3397
4462,3385
18470,3385
17057,3384
9173,3382
20395,3379
24350,3375
10979e,3375
28573,3366
35291e,3361
27175e,3356
18671,3356
38409,3356
37705,3355
24653,3354
26315,3352
1462,3351
17743,3350
27947,3349
34319,3348
14858,3343
18111,3336
2723,3336
27552e,3333
3804,3327
15757,3321
33107,3318
16330e,3316
35686,3313
8964e,3309
34402,3306
14807,3299
11373e,3298
29566,3296
10002,3295
23492,3291
19618,3290
9981,3289
35976,3286
4059,3283
4343,3282
28298,3282
13052,3273
34248,3273
1836,3271
21045,3270
17349,3269
39667e,3265
21854,3265
26580,3263
37012,3263
24808e,3256
3126e,3256
10884,3255
29707e,3250
37658,3250
11379,3249
14365,3249
30274,3247
26557,3246
38623e,3246
16659,3243
22702,3240
8521,3239
25204,3235
10618,3234
33161,3222
4553,3216
34881,3215
7859,3210
37319,3210
10427,3210
32922,3207
11857e,3206
8920,3203
10775,3202
1516,3197
24374,3196
26810,3196
36286,3190
21903,3189
34518,3189
12357,3187
33287,3182
38709,3182
8394,3180
20813,3179
21686e,3174
29575,3171
10482,3169
21174,3161
11734,3161
5243,3158
34893,3158
25544e,3154
25507,3153
39604,3151
31351,3144
8262,3144
6374e,3143
30019,3140
17972,3138
25661,3137
35289,3136
22931,3130
9434e,3129
35938,3128
8382,3125
22292e,3123
24900,3122
11809,3120
31618,3117
17016,3111
19992,3108
10664,3105
15110,3101
22051,3098
20399,3096
5429e,3093
30514,3090
34408,3089
24436,3087
39043,3084
28647,3083
7068,3081
29404e,3072
16225,3066
37062,3065
28685e,3064
23570,3057
21953,3057
12581,3057
10868e,3056
37315e,3056
35232,3054
16248,3047
37117,3044
33857,3044
36469,3043
24061,3042
34192,3042
36000,3039
9657,3038
30849,3036
33542,3035
23414e,3032
25948e,3031
37095,3030
39069,3030
14939,3026
36948,3025
6073,3023
3779,3023
5185,3021
14140,3016
39195,3014
35137,3011
19872,3011
12092,3010
27739e,3006
30275e,2996
8138,2988
8002,2987
19697,2986
16875,2982
11624,2981
2822,2981
39522,2980
11844,2977
17537,2975
28424,2971
31023e,2970
38202,2967
5021,2966
31926e,2965
18277,2965
18644,2965
36373,2963
20570,2960
39593,2959
39419,2958
29349,2954
25662,2952
18365,2951
38858,2950
6974,2945
14117,2940
20719,2936
24063,2936
37900,2930
5872e,2928
23841,2927
3327e,2925
23273,2921
25890e,2919
31267,2918
11544,2918
22087,2918
18225,2916
35752,2914
15716e,2909
28423e,2902
8962,2902
15924,2900
35676,2897
30184,2896
11276,2893
27649,2890
22892,2890
2750,2890
13977,2888
20175,2881
25707,2880
32775,2880
15167,2876
9601,2872
31330,2872
29580,2870
10670,2863
39715,2862
26401e,2855
35172,2850
15240,2849
23071,2848
25809,2848
31185,2847
36165,2836
37335,2835
8385,2832
23786,2831
7686,2828
14271,2825
32747,2820
7276,2817
31938,2813
18215,2813
2868,2810
1039,2800
23762,2800
9793,2799
24084,2798
19934,2788
16106,2783
14977,2780
37558e,2775
20984,2774
11677,2770
39911,2770
39996,2768
23657,2765
39661,2764
31202,2763
11982,2761
14119e,2760
24974,2757
13927,2752
13176,2751
8782,2748
14679e,2743
20369,2742
26586,2736
34816,2733
19218,2733
23016,2731
2032,2730
29735e,2728
18842,2728
12633,2728
36587,2720
20502,2719
29949,2715
32976,2715
13321e,2715
27828,2715
35304,2712
28969,2710
7066,2710
38755,2708
13493,2706
16910,2704
11865,2704
15315,2699
39258,2698
31853,2694
35690,2692
22833,2689
31013,2687
9427e,2685
31144e,2679
2474,2679
2908,2679
36473,2678
25815,2678
34053,2676
29852,2676
35182,2675
28576,2674
26068,2668
38870,2666
14248,2665
33069,2658
7809,2658
9745,2657
38548e,2654
6203,2650
2316,2649
35642,2646
18710e,2641
13081,2638
28019,2637
20074,2636
29395,2633
18836,2630
38848,2628
35811,2628
26468,2627
10488,2624
6195,2623
1151,2622
9582,2620
4298,2619
29814,2617
23856,2612
15313,2609
35552e,2608
1322,2600
22723e,2600
12934,2598
13347,2597
35680,2597
9808,2595
29690,2591
3900,2590
30715,2584
21888,2584
13944,2577
21381,2576
26479,2574
26277,2570
32481,2564
33697,2564
6164,2560
17135,2558
29390,2557
9651,2555
12005,2555
3802e,2552
27113,2550
34403,2549
19755,2545
28307,2544
3512,2540
18448,2540
39314,2538
2109,2529
8259,2524
21444,2518
15767,2518
31500,2518
30938,2516
23999,2515
13693,2512
18234,2511
9009,2508
26443,2507
31347,2506
28355,2501
32046,2496
15780,2496
1998,2492
5858,2492
26090,2490
34803,2489
20294e,2487
7621,2485
22659,2481
21503,2473
34098,2469
1303,2466
3285,2466
29881,2464
30709,2463
11944,2461
36800,2461
16211,2460
7867,2458
19853,2457
12186,2455
20119,2454
3726,2452
3364,2451
35895,2450
13695,2448
9625,2446
34446,2445
33978,2445
22518e,2441
13460,2439
21032,2438
31977,2431
5451,2431
27276,2428
8583,2425
35215,2424
1287,2423
2637,2421
21765e,2419
18774,2412
17634,2407
11455,2407
7993,2403
38666,2401
5940,2398
11380,2395
12766,2395
24869,2395
24067,2394
12182,2393
16095,2392
11252,2388
21596,2385
15355,2373
25823,2371
34175,2362
30406,2355
3009,2354
17403,2352
5464,2349
24662,2346
36781,2344
23203,2342
7695,2336
12441,2333
1754,2328
30502,2328
26422,2328
4032,2328
38791,2327
26394e,2327
1358,2326
26379,2322
16819,2320
8048,2318
18305,2318
1721,2312
35872,2311
15607,2308
33088,2307
2661,2306
18880,2305
23781,2301
27252,2301
30196,2299
22336,2299
29107,2296
39118,2296
9716,2295
30220,2295
6250,2294
11924,2293
22655,2293
18247,2292
7483,2290
27186,2288
38360,2283
1330,2283
18196,2282
38272,2279
24876,2279
6908,2277
31095,2276
21280,2275
15826,2267
20256,2265
30142,2264
25138,2264
22623,2262
12862,2259
20055,2259
34343,2258
25828,2254
34012e,2253
22874,2253
19616,2252
23070,2250
9568,2246
17264,2245
29968,2244
10290,2240
9313,2235
39126,2235
28644,2233
9194,2230
24452,2225
16511,2221
7881,2220
19120,2217
11835,2216
21847,2215
23876,2210
18976,2209
19839,2209
13358,2207
31838,2205
23204,2202
2599,2202
36544,2201
6318,2199
7025,2196
19237,2195
17031,2195
31362,2190
33462,2189
15494,2188
19206,2188
36912,2188
7921,2187
31066,2186
24724,2184
22175,2183
39673,2179
13648,2176
32961,2175
36814,2175
2943,2170
25194,2168
30677,2165
11393,2165
26132,2165
7790,2162
28093,2160
13413,2157
3305,2156
24283,2156
30107,2153
35129,2153
15469,2152
19076,2151
2495,2149
31260,2149
37067,2148
34675,2143
25206,2143
34086,2142
17772,2140
39501,2130
18124,2128
9455,2127
38575,2126
19437,2123
35786,2122
16715,2121
14682,2121
34162,2117
39926,2117
15645,2116
35736,2116
10782,2114
5939,2111
21293,2110
8960,2109
39815,2108
6178,2107
3355,2107
16815,2106
26716,2104
35583,2102
19894,2101
16391,2100
3874,2099
26113,2097
13375,2094
6138,2092
6232,2092
36900,2090
37784,2088
36399,2085
10974,2084
38341,2084
19112,2083
5516,2083
20582,2082
6835,2082
30861,2081
4713,2080
5634,2079
5394,2079
1308,2079
1972,2078
35403,2078
11415,2077
14197e,2074
10901,2065
14638,2063
16448,2063
9962,2058
36847,2056
19522,2050
13854,2050
6129,2049
10835,2049
10498,2047
20824,2040
33294,2040
20250,2040
13385,2038
4552,2038
26413,2038
2510,2035
21278,2034
29500,2033
4007,2033
25698,2030
32964,2028
21329,2028
21310,2027
26635,2022
36290,2021
34288,2021
11782,2019
5039,2019
19332,2018
25432,2018
29059,2015
38477,2012
9886,2011
13470,2006
21533,2004
15610,2004
29719,2001
5892,2000
34465,1994
1903,1990
37581,1989
30226,1989
19959,1985
22606,1981
3589,1979
10314,1979
8344,1978
27579,1976
14821,1976
12638,1975
18348,1973
3658,1971
21908,1968
24863,1966
31826,1959
5026,1958
36344,1954
21455,1951
32017,1950
25369,1949
15674,1949
34299,1949
13647,1947
18806,1947
2447,1946
2979,1944
38853,1942
10607,1941
8641,1939
11662,1936
6516,1934
2933,1933
4594,1932
16083,1932
36858,1932
24938,1932
34711,1931
24013,1931
13657,1930
1881,1926
30456,1926
28927,1925
39646,1923
33633,1921
14217,1921
37620,1919
33037,1918
21325,1916
8192,1913
33957,1913
24016,1911
11245,1908
32391,1906
25478,1906
2248,1904
23176,1903
27359,1902
37333,1900
8832,1898
38287,1896
4191,1894
8815,1893
11665,1888
36920,1886
18872,1885
8391,1884
35766,1884
1808,1883
16334,1880
8270,1879
6175,1878
9496,1878
29935,1877
22466,1875
26841,1874
17869,1874
25719,1867
35173,1863
25051,1862
15779,1862
38834,1862
1551,1861
8223,1859
6545,1857
15044,1856
13397,1856
8912,1856
38411,1855
34843,1855
23794,1855
3376,1855
33733,1853
5995,1852
39669,1851
36048,1848
39579,1847
21539,1843
9832,1843
6860e,1840
12835,1840
16028,1840
39616,1837
38108,1836
37221,1835
10440,1835
2426,1834
23425,1833
12036,1832
5249,1831
9161,1831
16204,1830
34908,1829
34780,1823
12453,1823
33305,1821
26622,1820
17102,1820
25641,1819
34155,1819
33522,1817
2716,1815
15178,1814
26215,1813
29338,1813
15984,1812
11412,1811
29695,1811
25411,1809
20011,1808
22411,1807
32010,1804
24615,1804
11146,1804
23964,1804
5430,1803
36543,1802
20427,1801
12761,1797
18128,1796
21805,1795
5357,1795
33358,1794
3328,1793
8068,1793
5907,1793
17873,1790
31772,1788
31169,1786
37314,1785
10547,1785
37239,1784
2905,1784
34076,1781
9626,1781
21944,1781
12796,1780
5661e,1779
11738,1777
7427,1776
3689,1776
31728,1776
14656,1775
2634,1774
31490,1774
18197,1770
9740,1769
12769,1768
39093,1768
30928,1767
7229,1767
2054,1766
24871,1765
39239,1763
18000,1762
21654,1761
4856,1760
20295,1758
18127,1758
14915,1756
8704,1755
13760,1754
21082,1754
21589,1754
39211,1751
10084,1745
25417,1744
7692,1743
23419,1742
34014,1741
35931,1741
38163,1740
35837,1740
30560,1739
27689,1738
39260,1736
39668,1736
25055,1735
1623,1734
5518,1732
20576,1729
23251,1729
16277,1727
4178,1726
19507,1726
19633,1726
17716,1725
36035,1722
26108,1722
26906,1719
2224,1718
20446,1717
26983,1715
25612,1714
5686,1713
32703,1712
16732,1710
14228,1710
30628,1708
25375,1708
25957,1706
38895,1706
37412,1705
9581,1704
37562,1704
18987,1703
23579,1702
34980,1702
2852,1701
11505,1701
13533,1701
10804,1697
17570,1697
24237,1697
16600,1695
16645,1694
35201,1693
38039,1691
10371,1689
6661,1689
38947,1687
1135,1684
2743,1683
5058,1681
26435,1681
39098,1680
4026,1679
37981,1677
12117,1677
17530,1676
17207,1674
2348,1672
21606,1671
39807,1669
10316,1667
4153,1666
2424,1663
2900,1662
6155,1661
13906,1657
33920,1657
8485,1655
30889,1653
29201,1649
9467,1648
27884,1645
26898e,1644
5301,1642
17803,1642
31317,1642
22471,1642
39279,1641
38128,1640
25390,1640
10576,1637
38705,1637
30423,1634
32523,1634
11134,1632
16665,1630
16803,1630
22517,1629
37989,1628
23972,1627
2847,1627
39832,1626
36414,1625
28733,1624
9209,1624
37740,1621
35497,1619
33187,1617
22654,1615
37501,1611
16634,1610
13587,1609
5325,1609
35340,1606
31546,1606
19411,1600
25630,1600
18507,1599
1207,1599
22201,1598
3996,1595
2177,1595
19622,1594
24228,1592
39328,1591
34039,1590
23208,1590
32591,1589
27977,1589
22644,1588
27442,1588
2734,1588
6888,1586
39325,1586
30166,1585
29672,1584
26568,1582
29184,1581
27823,1581
7454,1580
37822,1579
17241,1578
29770,1575
32106,1574
6785,1573
10776,1572
7235,1571
31025,1571
35075,1569
7488,1568
32911,1566
34768,1566
27402,1565
4920,1565
14306,1564
11691,1563
31574,1562
1256,1562
8551,1559
6901,1557
37971,1554
14701,1554
27778,1554
10232,1553
17571,1552
11612,1551
18828,1550
4681,1547
39416,1542
32247,1541
15930,1541
2268,1539
20545,1539
14620,1539
22309,1539
8869,1538
16502,1535
18313,1534
14334,1533
10437,1532
34452,1531
10119,1529
7838,1528
23956,1527
8339,1526
18631,1524
39453,1524
15872,1523
10512,1520
28414,1519
14869,1519
37011,1518
31087,1518
35969,1517
8332,1517
15805,1516
26363,1516
13320,1514
26426,1513
4790,1512
10787,1506
35793,1506
20568,1506
14622,1504
18764,1504
3023,1502
29428,1501
23591,1501
17579,1500
32138,1499
38774,1499
13144,1499
38592,1498
33133,1497
1188,1497
23659,1496
37878,1494
22806,1493
10914,1493
15755,1493
38044,1492
22389,1490
2559,1490
2624,1490
33328,1489
3447,1489
23008,1488
11248,1488
8064,1486
4279,1485
37935,1485
32225,1484
35417,1484
13663,1483
2689,1482
6998,1481
25621,1479
35674,1479
17080,1479
11438,1477
32110,1475
33091,1473
29199,1472
14463,1472
9746,1471
4016,1471
34644,1471
17492,1470
25833,1469
2869,1469
30243,1465
15990,1465
18180,1463
17052,1463
36355,1459
15608,1459
9255,1458
12751,1457
24226,1456
33910,1456
18682,1455
35933,1455
39572,1455
4006,1455
23567,1453
18703,1452
5541,1452
3801,1451
27737,1450
4955,1449
24909,1448
30733,1448
13004,1447
10793,1444
36675,1443
34008,1443
16411,1441
7444,1441
31203,1440
27686,1440
20844,1438
27741,1437
39171,1437
4868,1436
21471,1434
30285,1433
4982,1433
34923,1432
18266,1432
11166,1431
12298,1429
20498,1429
35587,1428
34003,1427
7450,1427
16606,1426
31541,1426
36144,1426
36267,1425
38060,1424
29659,1423
35520,1422
38521,1421
5664,1420
3146,1419
22046,1418
17050,1418
10429,1417
29030,1415
20859,1415
28748,1414
15133,1414
10663,1413
33300,1413
3006,1412
18096,1411
37624,1411
27597,1408
22766,1408
33140,1407
21450,1407
15286,1404
26738,1403
35144,1403
11069,1402
19655,1400
23099,1400
38407,1399
7099,1399
5691,1395
32606,1395
35445,1393
17562,1392
28061,1391
6004,1391
18768,1390
36845,1389
10783,1386
34907,1385
23446,1384
1788,1383
36260,1381
26532,1380
15085,1380
14890,1380
33112,1379
1615,1378
23510,1377
14184,1376
25952,1375
31297,1374
17343,1373
7731,1373
35357,1373
8691,1372
39427,1371
27184,1370
21018,1370
23987,1368
15774,1368
4866e,1367
38533,1367
29706,1367
29546,1365
21353,1364
11701,1364
10061,1364
19935,1363
31893,1361
9013,1361
12510,1359
9547,1359
25657,1359
3570,1359
32954,1358
26890,1357
16452,1357
13239,1355
29965,1355
18743,1354
11919,1354
1930,1353
36683,1353
39170,1353
30349,1352
18319,1352
24318,1351
18367,1351
32718,1350
9944,1350
10030,1347
12418,1347
12843,1347
16482,1345
19424,1345
8000,1345
5654,1345
9356,1344
30088,1344
11030,1344
29496,1343
11834,1342
9835,1341
14802,1340
18489,1337
32943,1333
7185,1332
20638,1331
30890,1330
10398,1329
7756,1328
25534,1327
25512,1325
30084,1323
4693,1322
38969,1320
23732,1319
11887,1319
18038,1317
28447,1317
9527,1317
24685,1316
7930,1316
10971,1316
9930,1316
31651,1316
4639,1314
11236,1313
33232,1312
19920,1312
18272,1311
37721,1309
21613,1308
15751,1306
9475,1305
4976,1305
16068,1305
33339,1305
16535,1304
26029,1303
13360,1303
1377,1302
37551,1302
6395,1301
36806,1301
9996,1300
29501,1299
38736,1297
31361,1296
1625,1293
37716,1293
37847,1293
10374,1292
32289,1292
21584,1291
34365,1289
28776,1287
13794,1286
12817,1286
29119,1286
14881,1283
12207,1282
31757,1282
23736,1282
12485,1279
32324,1277
22473,1277
14370,1276
16586,1275
3187,1272
18202,1271
8080,1271
28746,1270
8827,1269
31166,1267
38828,1267
5809,1266
11257,1265
29673,1265
36251,1265
21100,1263
5140,1263
4714,1263
21530,1263
25839,1262
29953,1262
17907,1259
1304,1259
1013,1259
14389,1258
22838,1258
1540,1257
36640,1256
19299,1255
38583,1254
12486,1254
3743,1254
32821,1253
13290,1253
1191,1249
37206,1248
23161,1248
18864,1247
31316,1246
21141,1245
8360,1239
1400,1238
4378,1238
7720,1237
25201,1237
4949,1237
30523,1236
30596,1235
32903,1235
39193,1234
16743,1234
39070,1231
19436,1229
16078,1229
33307,1228
19998,1228
18331,1228
26785,1226
31603,1226
31995,1226
35420,1226
28218,1226
21198,1224
24712,1223
39340,1223
14417,1223
31807,1222
4581,1222
7646,1222
19323,1221
24243,1220
26665,1219
13665,1219
8505,1219
33667,1218
39865,1218
20101,1217
31020,1216
29951,1215
24171,1215
19827,1215
26465,1215
24020,1214
26548,1214
29415,1213
9943,1212
35744,1211
11652,1211
3594,1211
5080,1210
29379,1210
36982,1210
7733,1210
35782,1210
14819,1209
36945,1208
31075,1208
17097,1207
24668,1206
10828,1206
24722,1206
27042,1206
33326,1204
30732,1203
28441,1202
30460,1201
7029,1200
38720,1198
27606,1197
1531,1197
7075,1197
1079,1196
7501,1196
17583,1196
12174,1195
29350,1194
2437,1194
4898,1193
18217,1193
9809,1192
13082,1192
23692,1192
36092,1192
28919,1191
9539,1191
13433,1190
30639,1190
31927,1189
12102,1188
39725,1188
1454,1186
31508,1186
13462,1186
34062,1185
26446,1184
28575,1181
12426,1181
37938,1181
26048,1178
9924,1178
36922,1178
6566,1178
25681,1177
32208,1176
8234,1175
17661,1174
14945,1172
13386,1169
32623,1168
24260,1167
23143,1166
37096,1166
14006,1166
26279,1164
34283,1164
35464,1163
20875,1162
38248,1162
34307,1162
10984,1161
23281,1160
13059,1158
18663,1157
24077,1156
7363,1155
19518,1154
38382,1154
26240,1154
17198,1153
33528,1152
13130,1152
3831,1152
14952,1152
36916,1150
29899,1150
7722,1150
5841,1150
2298,1149
31257,1147
13403,1147
10449,1147
23427,1145
1590,1144
38783,1144
4820,1144
35441,1142
4297,1142
31107,1142
26745,1142
33640,1142
19354,1141
18969,1140
19434,1140
28166,1140
36333,1140
24679,1140
1335,1140
9580,1139
30751,1139
22888,1139
13064,1139
26552,1138
16536,1138
8794,1137
4908,1137
30739,1137
24809,1136
32083,1136
2663,1135
1120,1135
14976,1133
35019,1132
39497,1130
2210,1130
34298,1129
34067,1129
38768,1128
35573,1126
16057,1126
25292,1125
6760,1124
33227,1124
3248,1123
18737,1123
9945,1123
29449,1122
21877,1122
22512,1122
19079,1121
16925,1121
31249,1120
3475,1119
8935,1119
19553,1118
23219,1117
1790,1117
21233,1117
17160,1117
3549,1116
26589,1115
35410,1114
2656,1113
27064,1112
33020,1112
30054,1111
1403,1111
18117,1110
27866,1109
19439,1108
33443,1108
31195,1108
36689,1107
28120,1105
13775,1104
21880,1104
22153,1102
3312,1102
19931,1101
29224,1100
18327,1100
35386,1100
17904,1098
25364,1097
33782,1097
18826,1096
11828,1096
20344,1096
2668,1096
5328,1095
39544,1094
17347,1094
13975,1094
29233,1093
1907,1092
13703,1091
19539,1091
34890,1090
39793,1089
20468,1089
21928,1088
32009,1088
9664,1087
5291,1086
9193,1086
21323,1085
33849,1085
18714,1082
3663,1081
24889,1080
18258,1079
20886,1079
6140,1078
29937,1078
6668,1078
13286,1078
36370,1077
12903,1077
14530,1076
6803,1076
14801,1076
11285,1075
17278,1074
33914,1074
10115,1074
9086,1073
34238,1072
5825,1072
14278,1072
33254,1070
32694,1070
31610,1070
4661,1070
10652,1070
24320,1069
35044,1069
13661,1068
38727,1067
5898,1067
31448,1067
1537,1067
6116,1066
3537,1066
22156,1065
8954,1065
16367,1064
33204,1063
30072,1063
10960,1063
16383,1062
25494,1061
7916,1061
26324,1060
17300,1060
11860,1060
1347,1059
8689,1059
12069,1058
29698,1058
7013,1057
35074,1057
18830,1056
11707,1056
7208,1056
15761,1055
4762,1055
14350,1054
34530,1052
7125,1052
19111,1051
2044,1050
7740,1050
13920,1050
20914,1050
34422,1049
38792,1049
13121,1049
38144,1047
5074,1046
20526,1046
21581,1044
8523,1043
35669,1043
9567,1043
18904,1042
20795,1040
30576,1040
23452,1039
32558,1038
33009,1038
17768,1038
32882,1037
14047,1036
21202,1036
32365,1036
17297,1035
30601,1035
21405,1034
14503,1034
9186,1033
31903,1032
36560,1032
16975,1030
33337,1029
16931,1028
22608,1027
23346,1027
30541,1027
1352,1027
13138,1026
36401,1025
5766,1025
39831,1024
18584,1022
21963,1022
37917,1022
21254,1022
6350,1020
18538,1020
2198,1017
37891,1016
13642,1016
35659,1016
33856,1016
11025,1015
18892,1015
21267,1015
12411,1015
34533,1013
20569,1013
23288,1013
11581,1012
21639,1012
24157,1011
3472,1010
5933,1010
35424,1010
39962,1009
5656,1009
39173,1009
16423,1008
11187,1006
32340,1006
15192,1005
35236,1004
16919,1004
30494,1004
34535,1003
22767,1003
27755,1002
3302,1002
27836,1002
10975,1001
38752,1000
7492,998
10634,997
21725,997
24410,997
19736,996
21557,996
15799,996
3514,993
23954,993
13782,990
9286,990
24839,989
9739,988
11468,987
16375,986
36697,986
26793,985
5052,985
20315,984
38809,984
14800,981
24826,981
12128,980
14979,980
14753,980
22237,979
21661,978
33891,977
28089,976
15320,975
4565,974
20257,974
35854,973
28542,973
14169,971
22667,970
1163,969
2094,968
26490,968
23553,968
5160,966
26936,964
25154,963
34150,963
11917,963
38572,963
16720,962
31967,960
37643,958
17649,958
16398,957
18924,957
12998,956
38127,955
30062,954
39852,954
11262,954
3936,953
22125,950
9839,950
31127,949
30562,949
2572,948
1148,948
34855,947
9390,945
17651,943
38864,943
32287,943
12402,942
1951,941
34714,940
37060,939
17398,939
39834,939
1317,939
24833,938
35145,937
38021,937
39397,937
32690,937
1255,935
20035,935
10687,935
21746,934
34640,934
8546,933
21427,933
29868,932
7863,932
16354,931
29601,930
22486,930
25530,929
33960,929
38922,929
30391,929
7320,927
16889,927
29453,927
24111,926
12141,926
29521,926
1226,925
23093,925
11594,924
3951,923
15366,923
17788,922
20008,922
14905,921
5415,921
24940,920
7411,920
35623,919
36578,918
17123,918
19268,918
2291,918
19772,915
21851,915
8076,914
14919,914
34246,913
10917,912
17420,912
2030,911
12379,910
1712,910
21074,909
28121,908
38498,908
7471,907
17468,907
24875,906
17505,906
39431,906
18339,905
25429,902
5991,900
38990,900
34347,900
3942,900
6062,899
38085,899
25102,897
26553,897
29545,897
24522,896
9753,894
25257,893
18465,892
31019,892
35153,890
31125,888
13067,887
5346,886
26711,884
31402,884
3016,884
11874,882
28911,882
36694,882
19307,881
10480,881
6747,881
26075,880
22439,879
39215,877
6184,877
18712,877
29002,877
17713,876
31532,876
6845,874
36258,873
16343,873
30240,872
22238,872
11632,872
27231,871
11565,870
38172,870
33437,869
10644,869
15164,869
18859,867
3840,866
7258,865
18356,865
9216,865
10319,865
25291,865
9440,863
23986,863
16686,863
5036,863
8855,862
6904,862
28324,862
26573,862
27868,861
27044,858
14056,858
7996,858
27651,855
1381,853
10253,852
4214,851
6480,851
34087,848
12285,848
37451,848
15305,848
23798,847
36788,846
21905,844
3740,843
14536,843
6973,843
38495,842
23392,840
32588,840
7964,839
38618,838
19270,838
5335,837
17941,837
2452,836
37998,836
16527,835
26958,835
22248,834
6645,834
12058,834
28168,834
29114,833
13922,833
17128,833
10471,832
37394,832
1947,832
25703,832
24173,831
13009,831
14243,829
24148,828
18153,828
4399,828
8461,828
16876,827
12131,826
26550,825
6365,825
29684,824
22465,824
12738,824
12283,822
16772,821
12218,821
31387,821
37374,820
9969,820
13224,819
17949,819
25049,818
13253,818
18089,816
38213,815
2541,815
3522,813
31067,812
14230,812
20758,812
36987,812
14506,811
34581,811
3493,811
29696,811
36699,809
30522,808
19890,806
23126,805
39361,805
19273,805
21342,804
13243,803
26001,802
28854,802
3946,800
4799,798
24992,797
36402,795
25348,795
16011,793
3580,793
12550,791
10630,791
30328,791
33146,790
4470,790
33144,790
11818,790
12325,789
21144,789
18046,788
27812,788
10999,788
21793,787
19952,782
39656,782
31958,780
34757,780
36057,780
31739,779
25852,779
29414,778
31103,777
7530,776
21849,775
19344,775
6503,774
29358,773
25519,771
26991,770
20004,770
18125,769
23942,768
32709,767
19346,767
28706,766
39398,765
32779,764
24416,763
28006,762
16175,761
9556,760
12892,760
15182,759
17942,757
18191,756
32378,756
8873,755
19912,755
38377,755
32631,755
1486,755
29889,753
19707,751
25849,750
36829,748
23527,748
29195,747
16564,747
30823,746
29352,745
27249,744
18149,744
3356,743
7307,743
19133,742
38628,741
6682,741
15064,739
4972,739
3069,738
34661,737
21216,737
31337,736
35267,736
5487,734
4068,734
6117,733
12215,733
17352,733
26985,733
33136,732
16283,732
34142,730
38328,728
24268,727
37040,727
33905,727
25304,727
6937,726
28516,725
35830,724
12116,723
6966,721
20628,721
7008,721
33396,721
27021,720
16946,720
20514,719
2499,718
7687,718
2603,718
25045,718
34060,717
36660,714
29172,711
6677,711
37027,711
7888,709
38408,708
6186,707
17694,706
1657,706
37305,705
29062,705
18310,705
23609,705
16507,705
22964,704
25871,704
8817,703
5186,703
35951,703
15230,701
2222,701
27688,700
17643,699
22660,699
29038,698
21762,696
17654,696
18239,696
32687,695
8981,695
37432,694
7850,693
16578,693
29361,693
23925,691
23548,691
26095,691
24952,690
1648,689
20680,689
25958,688
14152,688
6849,687
2139,687
37163,686
8210,686
28480,682
7787,682
27456,681
34030,680
12749,678
7156,677
26592,676
36143,676
32798,674
35847,674
35501,672
36372,672
12030,672
35935,670
21531,670
2000,669
30896,666
8275,665
21845,664
23391,664
15143,664
20827,663
10667,663
39504,662
8739,662
24033,660
16529,660
13593,659
18307,659
33371,658
2439,658
8206,656
35575,655
28637,654
22737,653
21087,652
39871,651
27599,651
11350,651
13880,650
11807,650
9743,650
3949,650
31002,646
26258,646
25669,645
37366,644
24490,644
13382,643
22703,642
35284,641
11106,640
34585,639
20614,639
26246,638
39245,637
20364,636
24593,634
33108,634
30667,634
35107,634
37736,633
39984,633
9495,633
31575,632
31450,631
37312,631
12415,630
32054,630
19064,629
19297,628
4466,628
27898,628
20516,627
6243,626
39575,626
29494,626
10740,625
29594,624
23186,624
1706,623
12089,622
27274,620
16526,620
3216,620
18316,619
9240,619
24956,618
22074,618
1619,618
23901,617
7478,617
20349,617
35102,617
26498,616
17783,616
39818,616
15963,615
20330,615
28643,614
36046,614
10410,614
39082,614
7028,613
26415,612
34595,611
36424,610
5265,609
20129,608
33178,607
34697,606
33324,606
25035,605
3136,604
37915,603
9254,601
10563,600
22359,600
29694,599
21155,599
7866,597
1128,596
36907,595
5276,594
7228,592
4764,592
37329,590
14552,590
34514,590
35342,588
24773,586
23118,586
38092,585
23202,584
34368,583
38956,583
27555,582
9507,582
35781,582
29541,580
34891,579
6564,578
2758,577
10715,576
37478,574
32843,572
22184,571
36038,570
20396,569
5110,569
32412,568
26620,568
15972,568
34157,567
13963,566
12791,566
16483,564
30495,564
34305,563
17036,562
33451,560
31484,560
37863,559
16558,559
36940,559
39766,558
21739,555
36337,554
37572,554
5450,553
16307,553
35193,553
37994,552
11740,552
34952,552
5831,552
4705,552
22687,551
6296,551
29399,551
38007,550
31579,549
23221,549
9107,548
30630,548
1383,546
7751,544
17411,544
26605,544
36465,542
25362,542
20608,542
30543,539
1147,539
29078,539
4658,538
33023,537
14041,536
38271,536
7244,536
34251,536
3436,535
25747,535
4881,532
18514,532
6672,530
36741,530
16128,529
19012,528
11547,527
32831,527
35087,525
16585,525
12242,525
14816,525
27722,522
6617,522
4924,521
17338,520
27872,518
21110,516
37758,516
5889,514
20745,513
26414,511
20903,511
12919,511
15694,510
9543,510
35043,507
8593,506
10836,506
10236,501
30856,496
38581,496
38759,494
4576,494
31599,491
37838,490
23562,489
16820,489
31069,489
34266,485
13378,484
18833,481
22749,480
3370,478
12504,478
7330,478
6168,477
36802,476
35435,475
13285,475
11604,474
39190,473
16190,473
34820,473
4309,473
20733,472
8765,471
32851,469
4164,469
24965,468
18253,468
28636,467
31196,467
28561,465
7284,464
2994,463
6245,461
2393,459
4346,459
19072,458
23132,458
16466,457
1919,456
31888,454
34760,453
18122,453
7131,449
2519,449
4201,446
3300,444
33886,443
33909,441
28803,441
2623,435
17191,434
17412,434
15637,432
33264,430
35661,430
18640,430
36961,429
20696,427
11504,423
7293,421
25092,420
15343,419
25294,418
35576,417
2152,416
19231,415
20480,415
24364,413
24551,411
16908,407
16702,406
20090,406
24733,404
33679,402
13667,402
13822,399
34045,398
34167,394
25268,394
18259,393
27030,392
26866,390
9307,388
5628,385
39698,385
13086,383
13682,383
35897,381
30185,381
33712,380
26081,379
2625,379
34031,379
14879,377
1529,374
13527,372
22968,371
10930,371
26671,365
20058,365
30944,364
39454,362
35463,362
36596,362
15994,358
20772,358
4246,358
1776,358
33219,357
24672,357
27114,356
33493,355
33209,355
20084,354
23727,352
35191,352
33750,352
22258,349
27680,346
16575,340
32170,337
29063,337
26080,333
24227,333
3732,329
28633,328
32202,328
30817,327
20515,326
21449,324
20986,322
23795,321
26707,320
38757,320
28962,317
39870,316
10813,313
10420,311
10638,301
32452,299
29439,297
11846,289
13947,287
1286,287
5561,284
36771,283
39738,283
22399,282
9889,282
20579,280
14420,279
23799,277
14163,270
32127,267
23882,260
20820,257
26460,254
19131,246
1203,243
13056,237
25286,237
10846,235
22902,233
18769,224
26867,223
21386,221
4193,216
33231,213
25821,209
33452,209
19676,199
3875,199
35210,193
7009,192
5595,190
26727,188
25518,188
21301,180
15638,178
21943,177
34340,175
12434,153
12113,142
37543,138
7988,137
26730,132
30622,119
30065,116
5643,113
27976,105
14330,92
20703,64
11557,13
